id,query,ranked_guis
386,web brower with list,"[34244, 66247, 1187, 291, 7828, 1198, 45255, 16574, 26074, 64331, 41097, 26072, 21441, 25697, 36486, 24750, 788, 21783, 21855, 151, 51308, 54077, 23498, 146, 779, 64710, 68942, 22686, 54722, 20339, 16227]"
219,Tabs layout preview,"[49456, 22596, 22591, 35897, 13306, 69708, 19983, 19988, 20057, 19987, 69119, 28701, 67999, 35333, 35337, 31047, 25844, 36316, 28692, 21248, 847, 842, 36321, 20253, 35335, 47663, 31109, 6672, 47538, 35319, 22974]"
34,healthcare pulse app,"[36730, 42342, 26820, 26819, 26816, 15897, 26814, 63642, 31032, 62246, 31029, 42672, 42671, 63983, 63637, 26815, 63991, 35344, 10868, 60471, 44057, 31031, 42673, 9636, 11152, 43377, 62250, 63985, 65882, 62002, 25921]"
266,contact details form,"[13359, 40736, 3372, 17044, 66228, 25116, 46777, 49918, 59279, 15867, 25713, 6861, 11921, 65494, 15513, 15038, 15043, 25114, 29981, 2837, 25118, 59363, 48378, 64299, 64300, 13927, 36916, 2949, 8922, 30009, 48069]"
57,Navigation app with setting location and destination,"[9716, 1105, 9733, 9718, 68160, 36177, 52329, 43706, 36229, 36225, 65308, 65302, 1086, 65726, 8239, 12415, 49534, 4194, 37026, 39131, 61582, 54257, 5772, 12616, 38833, 8455, 36228, 39869, 30575, 30496, 52332]"
190,trending page,"[50095, 65007, 13923, 43663, 65015, 9161, 48240, 29710, 9154, 44708, 2131, 45116, 2144, 23574, 2139, 2134, 71632, 53442, 68321, 53438, 5311, 37665, 2142, 2151, 37681, 65008, 23569, 62116, 71631, 62117, 59599]"
384,Sidebar with homepage and other options,"[3573, 3576, 3577, 55493, 55494, 55492, 55490, 30733, 30942, 30941, 67559, 18457, 45615, 67553, 55491, 48902, 58241, 18455, 60645, 67561, 17073, 45735, 17057, 18458, 17819, 41355, 30944, 41684, 30463, 49061, 69790]"
149,Spanish news with figuers and search option,"[19704, 21463, 58974, 19707, 34569, 67673, 32229, 21949, 21948, 21946, 49336, 49332, 49344, 49338, 49335, 49334, 21880, 49333, 24375, 38513, 45394, 31172, 23116, 44605, 44603, 37720, 46190, 17475, 60209, 68388, 58638]"
192,side panel with share and settings,"[5803, 69142, 68962, 8684, 58148, 50505, 39596, 58146, 39600, 39603, 4825, 18042, 18891, 65975, 52733, 20721, 8691, 65403, 67254, 22107, 39604, 62857, 22104, 52739, 69146, 62850, 32053, 23928, 39595, 31379, 64805]"
101,Setting screen of a time planer,"[68160, 36177, 43706, 52329, 39131, 65308, 1086, 65302, 8239, 12415, 49534, 54257, 12616, 65726, 30575, 4194, 37026, 61582, 30496, 37135, 38833, 8455, 39869, 8240, 12257, 49539, 12412, 46468, 70060, 65728, 48465]"
122,Customer support notofication page,"[69330, 40885, 26475, 5122, 2779, 6942, 35568, 66160, 41171, 35572, 23501, 3521, 11320, 6930, 41618, 11092, 65007, 5005, 35823, 42698, 14474, 52031, 47422, 13320, 32310, 10848, 32307, 11090, 44321, 6914, 3232]"
118,"Application with weekly ad, rewards, account, products and projects that can be add to My List","[15888, 46794, 46814, 46799, 62141, 23579, 16, 53541, 20783, 53547, 53543, 53542, 46801, 61404, 43889, 47351, 53548, 53546, 57648, 61410, 47347, 45731, 43880, 57640, 26904, 59455, 13556, 23206, 42185, 20506, 57640]"
59,dictionary page  with words shown,"[61344, 45665, 61345, 61318, 61333, 35226, 71902, 61348, 35235, 28511, 61322, 71905, 28481, 61340, 27413, 18467, 27410, 71904, 8890, 60012, 71913, 71907, 71908, 61327, 61347, 29773, 61315, 60009, 25592, 56660, 27349]"
367,complete your melody,"[36136, 30405, 32190, 32194, 43202, 43860, 13799, 2071, 69703, 32262, 38103, 39255, 38102, 63188, 1947, 13307, 31118, 52112, 48972, 49339, 43206, 50697, 45975, 43209, 65833, 32270, 20953, 36106, 41725, 11218, 46619]"
93,the latest updates of football matches,"[53555, 630, 40792, 6661, 69382, 65346, 43109, 33805, 183, 19621, 8192, 20858, 13984, 199, 1054, 19609, 64157, 18565, 2317, 2314, 19619, 9602, 13752, 42736, 52831, 43662, 27620, 43108, 644, 36564, 35010]"
238,2D model of solunar clock,"[54642, 54641, 24037, 30037, 45159, 24048, 24027, 31205, 30607, 44683, 67529, 3856, 47241, 68730, 47242, 47254, 40998, 24042, 29683, 1673, 24038, 24036, 38688, 17913, 23601, 54643, 31993, 31992, 31990, 1670, 54641]"
177,arabican news overview with articles,"[8522, 55542, 10428, 55540, 27544, 5907, 25989, 10777, 44253, 22059, 48754, 8214, 44256, 34318, 9553, 12033, 48736, 22381, 6798, 55539, 44257, 46169, 55534, 52513, 54133, 68523, 42852, 44059, 44805, 57054, 52520]"
289,Timer with play button,"[11490, 11489, 18992, 18991, 17912, 12654, 63069, 56799, 47249, 63066, 37256, 42781, 63601, 63599, 12865, 61236, 5854, 8499, 54493, 8539, 29177, 8401, 61167, 61610, 65909, 11258, 37257, 37262, 17487, 34482, 32372]"
144,short tutorial and instructions for a game with option to go back to previous menu,"[48403, 71255, 8143, 10672, 42136, 5948, 5937, 5941, 57909, 57146, 58017, 65142, 50994, 10681, 28029, 58005, 19704, 72175, 17235, 51000, 48312, 30408, 14674, 57149, 30403, 5935, 71260, 19697, 71414, 19707, 33529]"
352,calculator,"[20602, 20594, 67409, 49397, 46604, 35283, 16992, 8899, 16993, 34181, 34179, 16989, 13351, 13613, 16991, 14230, 61050, 39794, 18384, 60470, 13616, 18386, 24333, 10150, 18385, 13615, 16988, 16984, 29221, 20593, 67804]"
449,starting screen of Amino,"[28260, 10276, 53935, 22507, 10273, 20983, 22513, 22505, 41430, 34169, 48501, 48492, 47327, 24606, 59942, 41426, 119, 10274, 10648, 30211, 52920, 53946, 22514, 47338, 70526, 30216, 30209, 41427, 26586, 42272, 48492]"
272,learning and play piano online,"[35079, 31170, 21024, 14553, 39477, 60569, 28365, 35826, 35469, 54361, 58940, 11744, 39480, 39479, 19210, 33411, 42733, 60473, 56407, 57057, 21021, 14878, 1281, 33413, 42742, 35613, 42751, 47213, 48783, 22598, 47226]"
363,weather notification with toggle button,"[61170, 70635, 70626, 54917, 28698, 71513, 40490, 6423, 841, 54834, 63601, 21247, 65447, 63599, 12865, 61236, 70777, 6640, 32, 51276, 13490, 57963, 35, 28497, 13496, 6881, 25545, 61626, 29177, 61167, 16844]"
222,settings and options in a Gym App,"[29156, 39830, 54112, 2274, 10615, 2270, 62276, 45959, 62882, 45956, 32998, 32997, 2601, 66489, 18535, 45962, 51704, 65542, 12938, 33003, 37254, 59360, 54292, 38617, 29162, 599, 24828, 36132, 20422, 11152, 1009]"
79,Buy atlanta falcons jersey,"[25059, 17533, 17522, 23360, 17386, 23355, 23362, 23356, 25063, 62503, 32411, 19720, 54931, 66199, 49463, 43110, 17261, 8782, 48692, 7591, 45741, 39735, 12386, 56578, 33897, 12986, 64759, 17398, 40025, 24862, 23362]"
264,Web ad for an children learning app,"[39477, 31170, 60569, 28365, 35826, 35469, 37400, 54361, 58940, 1187, 11744, 39480, 39479, 1198, 34244, 19210, 66247, 60473, 291, 7828, 64361, 60469, 57057, 45255, 41097, 58275, 16574, 59237, 51774, 61299, 55867]"
369,my playlist,"[45113, 58693, 5209, 55481, 53826, 53824, 14672, 10940, 50232, 34334, 70552, 494, 50228, 55665, 52900, 504, 50233, 66163, 61926, 13389, 39095, 3905, 65682, 19603, 3896, 39089, 19607, 19601, 18221, 19608, 71956]"
92,show map,"[52816, 12687, 7084, 70756, 60544, 71036, 24475, 2754, 13259, 881, 49502, 13160, 61043, 48325, 62605, 70772, 24472, 2757, 49500, 230, 70776, 70782, 60543, 70781, 70779, 231, 70763, 70780, 70770, 71034, 51065]"
351,snapchat startup interface with login and sign up options,"[36266, 10942, 5817, 57081, 18535, 22114, 33411, 16202, 16084, 17834, 61301, 34308, 34307, 39913, 16269, 69839, 38933, 10624, 34162, 39920, 13921, 16241, 1911, 3971, 39919, 39909, 57919, 45555, 69548, 31096, 16082]"
274,accounting software with excel file output format,"[54509, 54510, 54511, 54508, 63716, 18627, 31179, 43697, 54739, 46842, 39446, 54738, 55963, 38564, 61049, 23983, 23988, 17896, 23981, 15458, 62231, 15453, 6213, 67971, 23612, 31167, 54379, 44197, 25581, 18781, 35396]"
204,Startup screen with login & sign up options and a logo,"[36266, 10942, 22114, 5817, 57081, 18535, 33411, 22111, 16202, 16269, 17834, 38933, 61301, 21042, 34308, 69839, 34307, 3971, 1911, 60313, 56674, 10624, 34162, 21040, 39909, 13921, 41109, 15962, 69548, 31096, 53946]"
250,settings to adjust,"[22351, 65783, 11371, 49765, 62611, 68134, 23599, 35066, 35185, 8878, 36988, 9236, 9231, 3929, 62887, 1380, 65791, 69162, 13555, 549, 51265, 1250, 36132, 41183, 1354, 37282, 33395, 12252, 53087, 41138, 6007]"
300,a panel app window with its points,"[56420, 30837, 19585, 53258, 29111, 30855, 44236, 18289, 14494, 14492, 43126, 53261, 24573, 36620, 20781, 52273, 14498, 70857, 25089, 3218, 32211, 35776, 46430, 3226, 44893, 52616, 46428, 14497, 23514, 52277, 25084]"
197,expense manager,"[67397, 35873, 36872, 67410, 12876, 12883, 67408, 67407, 16823, 8463, 12877, 67404, 67405, 35518, 8462, 12860, 12873, 12880, 43696, 43708, 49085, 29946, 24520, 5509, 67402, 43716, 67396, 67406, 15652, 67403, 48868]"
125,Months of a year from January to November with a radio button to choose,"[9559, 59581, 68559, 28181, 71521, 42781, 25408, 60445, 51056, 70036, 12409, 43422, 38724, 913, 59018, 57993, 1687, 45980, 67335, 49022, 11977, 10069, 15356, 60976, 50055, 61166, 28353, 65177, 65175, 53429, 15298]"
88,informative list contents,"[49771, 1867, 1870, 49766, 65532, 65523, 65528, 65522, 65529, 70936, 21223, 1286, 14054, 26954, 945, 45105, 64533, 60601, 55590, 31615, 21488, 60889, 65299, 40431, 31129, 65305, 60607, 55591, 40935, 60605, 53447]"
417,Gallery app with thumbnails overview,"[8522, 55542, 10428, 17806, 6964, 5907, 55540, 27544, 53431, 53780, 26675, 17802, 57579, 17800, 23417, 23905, 17799, 46959, 17807, 48754, 25989, 46961, 7525, 44253, 1555, 44787, 44256, 15270, 5161, 30772, 45705]"
136,A guy picture on a social network,"[31184, 31183, 69105, 44847, 618, 18442, 18443, 5873, 38591, 18432, 34410, 46286, 3328, 51001, 28831, 22820, 22816, 30447, 46806, 66136, 2678, 53530, 31853, 19654, 19667, 30439, 34414, 2686, 7632, 62840, 46313]"
319,page that display the questions  with options,"[4500, 50275, 7518, 50286, 4505, 7519, 59472, 59470, 2274, 52303, 54197, 45959, 52310, 66489, 61019, 32998, 65007, 2270, 61024, 45962, 44436, 45956, 18535, 60424, 32997, 974, 71647, 33289, 33287, 30245, 30849]"
454,Advertisment of FedEx,"[57904, 57899, 57903, 57900, 57901, 57907, 57898, 57897, 39664, 64610, 68629, 33753, 14416, 68224, 10569, 45256, 28977]"
47,Fashion dressing ideas with image overview,"[9802, 9798, 9800, 8522, 56782, 28568, 9797, 56785, 55542, 10428, 55540, 27544, 5907, 25989, 44253, 9799, 43614, 43613, 44256, 48754, 56781, 56784, 9553, 48736, 44257, 15739, 6798, 739, 740, 742, 9800]"
29,search bar with list of computer accessories categories,"[24158, 48074, 64303, 64305, 22645, 38404, 56623, 65653, 39453, 54531, 49639, 16665, 9978, 9970, 49641, 64454, 34836, 29676, 19113, 21770, 27118, 18215, 18224, 15865, 19677, 55523, 68271, 68281, 23265, 65656, 50895]"
90,Menstrual calendar with body temperature,"[14252, 22876, 14248, 65193, 33572, 35133, 35129, 35128, 35130, 44316, 47788, 34136, 47789, 47780, 34139, 396, 390, 384, 42316, 14253, 29312, 36575, 18966, 27345, 16983, 18965, 35037, 11316, 35039, 13692, 28339]"
26,Genesis + Book + Android,"[45340, 43288, 62592, 63039, 40933, 40924, 40929, 24453, 29549, 40927, 6383, 27400, 45335, 44576, 6389, 45333, 44581, 5660, 40932, 22281, 40833, 34198, 63707, 60652, 11815, 11820, 34374, 29546, 22280, 40834, 32448]"
75,best food recipes,"[70329, 21272, 8167, 8047, 14275, 40847, 13727, 60609, 60611, 60613, 13722, 29116, 60614, 9269, 35915, 42422, 27984, 12314, 30368, 44461, 31439, 6391, 5254, 68449, 13726, 65091, 29838, 12778, 23774, 32477, 45732]"
5,Selection of Doctor's Specialization,"[24069, 24079, 65902, 65898, 13200, 45730, 40250, 65907, 24076, 9131, 65904, 17225, 27091, 44732, 5775, 33768, 69913, 14662, 33161, 28214, 2433, 45925, 2742, 40309, 55978, 13780, 69327, 59685, 17656, 37176, 34401]"
298,music,"[3351, 70547, 70546, 58956, 70544, 70539, 58945, 15479, 36218, 70538, 58946, 70533, 3352, 58954, 65894, 58955, 53793, 36221, 70553, 36222, 3348, 47865, 66742, 53910, 58944, 21904, 21909, 5364, 17784, 17782, 1506]"
384,Product description and shipping information,"[2097, 4621, 5128, 19446, 61478, 61473, 55624, 61474, 61475, 46766, 25525, 36855, 20518, 45521, 4143, 36856, 45733, 32420, 1143, 25967, 52607, 32430, 32431, 32435, 27120, 27125, 32429, 62761, 32422, 32426, 4151]"
63,"option bar, multiple preview of data","[19704, 19707, 34569, 67673, 49456, 22596, 22591, 49336, 49332, 49344, 49338, 49335, 49334, 21880, 13306, 69708, 49333, 24375, 38513, 19983, 45394, 49872, 35897, 31172, 19988, 20057, 44603, 44605, 46190, 60209, 23868]"
179,"tourist app, discover world places, countries and cities","[46531, 63273, 5729, 2794, 54071, 66553, 62895, 66552, 10215, 20147, 62688, 33542, 40947, 61515, 60766, 62684, 44295, 20146, 9717, 52330, 62686, 56269, 35839, 54073, 12189, 20442, 20445, 40678, 10212, 62691, 5728]"
36,bookmark,"[61381, 41408, 38945, 57786, 37308, 60130, 2474, 2471, 11951, 54010, 224, 23769, 41414, 9990, 32768, 64925, 56739, 62742, 18448, 65294, 22208, 66750, 28617, 12844, 12836, 46383, 23669, 29550, 9982, 30553, 9332]"
272,add location by pinning the place,"[30809, 43558, 10610, 61696, 18975, 61692, 28150, 61703, 28124, 40686, 53393, 8574, 3920, 1469, 62872, 9914, 58770, 18976, 64888, 3924, 34544, 59525, 45909, 64897, 64892, 64891, 28931, 27242, 64895, 50394, 17342]"
168,"Expandable List item and Bottom Nav bar with Live, history, Stat, Check No. and More Items","[39561, 67017, 57276, 71973, 6005, 66142, 58855, 39861, 25280, 66671, 57289, 10746, 12215, 11346, 65240, 57280, 57274, 8748, 49538, 22727, 57272, 57449, 6006, 39548, 71970, 67016, 5763, 39868, 8876, 25281, 26913]"
80,Information with detailed explanation text of fitness exercises and a corresponding graphic,"[9110, 31807, 31810, 55881, 50739, 50754, 58734, 50750, 31803, 16379, 14056, 14059, 14060, 36501, 37964, 51152, 24306, 69984, 64121, 24302, 60764, 37963, 26180, 37316, 8252, 55879, 19332, 69974, 69988, 15991, 42594]"
21,near  important places,"[12189, 62895, 66553, 66552, 20147, 40947, 20146, 52330, 40678, 38746, 44269, 12394, 9909, 7384, 9834, 47302, 3813, 44267, 9177, 3370, 59525, 40688, 50379, 3367, 53387, 8576, 15689, 8575, 21666, 40679, 33755]"
416,login page,"[29481, 69952, 69548, 40127, 20071, 65007, 42005, 39998, 47741, 55885, 16241, 141, 30102, 71940, 65903, 15939, 1552, 22253, 35225, 20151, 16532, 6364, 29877, 44962, 33123, 67820, 38049, 24026, 30879, 22542, 54204]"
91,"weather details with temperature, pressure and relative humidity","[65452, 36325, 58875, 54919, 68010, 35327, 25852, 66930, 28760, 63695, 46540, 65446, 54924, 58863, 68011, 25849, 35320, 28349, 26022, 70129, 36308, 51071, 30705, 68462, 29312, 66929, 52296, 65450, 34111, 34107, 682]"
164,Overview over own accounts and the amount of money on them,"[8522, 27544, 55542, 10428, 55540, 5907, 38960, 25989, 44253, 20907, 10278, 48754, 69650, 44256, 44468, 52021, 64636, 4368, 44120, 9553, 60250, 48736, 69646, 64629, 70291, 16817, 33759, 41622, 5918, 23501, 13111]"
1,application submission screen for successfully submitted application,"[19857, 19858, 3384, 42944, 51615, 61377, 42954, 68456, 51503, 51511, 67493, 17331, 7722, 10135, 6241, 56937, 26930, 23391, 24271, 68429, 56202, 8324, 32922, 21800, 22617, 54044, 71166, 62729, 7657, 6483, 53044]"
275,summery  of a questionnaire,"[60569, 28365, 35826, 35469, 35466, 54361, 58940, 60571, 28366, 35461, 35811, 58942, 54360, 43243, 43247, 44379, 42098, 43249, 43556, 28768, 2886, 43248, 51784, 51775, 58274, 2887, 28770, 51781, 51780, 51777, 41735]"
117,Media with no search results,"[42434, 42466, 42455, 42462, 42463, 42453, 42450, 61555, 14771, 42451, 14775, 14778, 42442, 28539, 42458, 14777, 20890, 28546, 14769, 33825, 44443, 42447, 49796, 65192, 39552, 10600, 66668, 15871, 39545, 7746, 32286]"
453,turkish car sales website,"[14026, 14023, 11854, 11855, 8273, 8261, 48087, 43041, 19643, 14019, 8272, 8262, 37059, 8276, 14020, 65270, 65281, 11850, 26691, 48094, 42621, 71426, 33440, 59825, 1170, 45903, 39011, 59842, 15658, 39010, 24320]"
8,shopping app with item weight description,"[4186, 69527, 4183, 35127, 8170, 55532, 70143, 4188, 10423, 70149, 19345, 71578, 8052, 46567, 123, 21282, 19178, 69521, 122, 19181, 17354, 55219, 121, 8358, 31436, 69534, 68402, 70137, 130, 59831, 20618]"
305,strike count threshold with disabling  feature and limits ranging from 1 to 50,"[31392, 44053, 62782, 62780, 66994, 66993, 66984, 38382, 49520, 49525, 49013, 28265, 38384, 62776, 28267, 36854, 48389, 31864, 31851, 14464, 34398, 40992, 29862, 5305, 40990, 48395, 41965, 29063, 38402, 39468, 62782]"
205,choise of interest,"[41176, 9290, 9292, 31253, 31261, 10113, 1627, 62106, 62104, 66440, 31256, 9281, 9286, 4296, 65473, 2194, 31258, 31271, 62098, 50321, 2849, 2853, 36336, 57563, 60001, 60003, 42281, 18383, 42283, 64825, 5725]"
85,open with notification with paly store or browser,"[33769, 54834, 3777, 29842, 25974, 26474, 61816, 51276, 50903, 59823, 63781, 3804, 59830, 34733, 59845, 55544, 55550, 30798, 53881, 10483, 55545, 6881, 61626, 71046, 50898, 34721, 3797, 66347, 66338, 54137, 28811]"
152,directory for saving contact information of various establishments,"[33303, 29382, 907, 25982, 55708, 908, 66228, 46777, 11921, 29376, 6861, 4205, 29981, 59935, 59279, 3372, 53276, 59363, 48378, 66979, 6022, 30009, 41333, 48369, 29729, 65854, 66298, 10156, 66289, 56590, 61559]"
260,Chinese salad recipes,"[8047, 8167, 70329, 21272, 14275, 70038, 60444, 12314, 6391, 30057, 6394, 29838, 59927, 56501, 17378, 70039, 12321, 29833, 56509, 29841, 12315, 56496, 27558, 59829, 59837, 23448, 43426, 29840, 52076, 4669, 6394]"
116,weight loss foods blog,"[3414, 8365, 3415, 8346, 23128, 8363, 23141, 23129, 52137, 51764, 59311, 23131, 8339, 35127, 58724, 47003, 132, 20122, 20121, 29775, 70143, 122, 48754, 70149, 135, 71578, 123, 121, 46567, 112, 68510]"
211,Libary list with the united states of america,"[70758, 39943, 39937, 35165, 29333, 61139, 55643, 67427, 30382, 42908, 30380, 9307, 63830, 30381, 51608, 51606, 54446, 40728, 11521, 42113, 54445, 13672, 45551, 45435, 25055, 59357, 53391, 71081, 10192, 16661, 39940]"
226,pop up ads,"[62738, 32771, 56761, 5883, 9810, 10281, 14378, 14374, 52107, 56749, 56778, 40304, 53672, 41586, 14372, 9030, 70509, 66936, 66935, 66940, 58556, 9025, 33114, 33120, 33119, 33112, 67090, 67079, 47727, 66937, 28890]"
49,Mobile Home Screen Background,"[52770, 64821, 18821, 4395, 7783, 7601, 4396, 35338, 39114, 28763, 43272, 47474, 41770, 4401, 54984, 13947, 43237, 46396, 45674, 7788, 4406, 4448, 7782, 20593, 39093, 16634, 65640, 7344, 15531, 1200, 31772]"
74,"Shop for Men's,Women's and Kids","[53487, 3507, 53544, 9506, 23941, 53540, 22034, 4326, 18147, 39575, 3495, 33044, 3526, 19033, 2453, 11267, 9505, 14300, 67659, 20572, 26093, 11416, 59450, 1478, 48135, 12421, 56472, 12424, 15613, 25929, 34152]"
24,"create, search or download anime girls images","[57208, 38776, 57209, 57552, 39119, 40153, 37654, 39116, 1616, 40156, 41416, 37655, 39114, 57210, 24769, 35910, 71453, 57441, 57436, 39115, 57437, 57440, 57435, 51537, 15145, 38633, 38622, 50530, 62988, 50639, 31677]"
54,celebrity news,"[8198, 34949, 54133, 71379, 68818, 16515, 64845, 68811, 1565, 43051, 68814, 68816, 1570, 18870, 43821, 43824, 51821, 1575, 10545, 51825, 42415, 10232, 42416, 16508, 31069, 36586, 68813, 10970, 50834, 67053, 41197]"
285,screen with sample movies and information on recording with SnapMovie,"[19996, 29107, 27889, 27890, 71014, 18719, 65053, 20162, 65944, 44941, 44923, 20161, 6138, 20157, 56358, 56362, 68394, 13385, 14676, 65335, 35355, 49495, 32555, 15199, 21956, 21960, 23149, 6144, 40858, 23150, 19996]"
365,Ui for user profile,"[40348, 40346, 2835, 1592, 1583, 39237, 3701, 17151, 27614, 15934, 40818, 40349, 15312, 15042, 39571, 48355, 41623, 31046, 41180, 62963, 12167, 34408, 52509, 10203, 19435, 4134, 52510, 11502, 19673, 27052, 34040]"
109,sports news overview,"[8522, 55542, 10428, 55540, 27544, 5907, 57889, 25989, 44253, 25066, 48754, 44256, 57896, 9553, 48736, 6798, 8775, 55539, 44257, 46169, 55534, 54133, 42852, 44805, 57054, 4185, 71379, 68818, 16515, 28166, 21660]"
3,home appliances,"[30791, 1085, 1087, 67153, 68770, 9286, 9281, 17689, 66317, 66313, 66310, 58913, 66314, 28271, 66307, 66309, 1774, 71129, 9285, 72042, 36302, 66300, 66299, 67821, 17177, 30400, 27082, 43332, 54838, 54832, 53473]"
7,"diaper-magen with style, color and texture","[64210, 64203, 16980, 27148, 50983, 54835, 59802, 59800, 54831, 18240, 65513, 54837, 54854, 1959, 27135, 33037, 54840, 72139, 65510, 72138, 69720, 72143, 65514, 26169, 72135, 54375, 64529, 48112, 57154, 57501, 37086]"
187,File explorer with recently accessed image files sorted chronologically,"[54839, 47520, 54836, 54739, 47515, 38026, 18786, 54738, 17087, 17083, 15908, 18784, 18781, 67971, 23988, 23983, 31167, 18782, 6213, 47054, 27164, 23981, 15458, 15453, 27860, 54379, 24563, 54845, 54374, 23982, 52282]"
324,Sending Email to Selected Recipient's,"[35287, 35288, 35285, 52796, 67139, 6889, 46655, 61680, 61895, 64858, 48806, 38723, 49173, 6230, 62150, 4338, 46656, 46654, 46660, 51498, 46659, 46666, 46664, 4339, 38623, 38630, 61906, 38627, 24560, 24557, 40342]"
54,Information with sharing and saving option,"[55986, 57917, 33303, 62888, 50410, 36879, 19704, 19707, 34569, 67673, 25982, 49336, 49332, 49344, 31172, 49338, 49335, 49334, 21880, 49333, 24375, 38513, 45394, 44605, 44603, 46190, 60209, 68388, 23116, 67771, 53446]"
457,Management,"[71743, 31741, 1389, 10425, 55535, 55533, 10430, 63783, 24167, 37986, 8470, 6855, 63779, 16548, 15496, 8776, 59228, 72195, 38782, 13252, 39079, 54308, 47812, 54685, 41562, 46919, 24357, 39473, 23808, 23764, 62831]"
27,Navigation Drawer,"[8594, 66337, 71117, 12103, 21121, 44916, 64443, 22112, 33818, 1942, 12110, 24979, 33039, 64438, 65774, 44279, 8725, 12105, 70759, 49834, 26239, 7162, 12112, 13649, 37943, 18494, 297, 68087, 7285, 41555, 33826]"
60,page not found report with search bar and recent posts,"[37760, 39648, 37759, 35252, 35242, 65328, 38230, 38231, 9227, 43019, 36413, 9233, 38337, 38224, 43020, 8850, 24144, 35930, 59489, 38340, 9558, 5208, 48013, 1789, 9228, 38323, 57068, 5213, 38236, 65947, 10135]"
126,android news website,"[16515, 1570, 54133, 16512, 5456, 33440, 71379, 16516, 68818, 1565, 16508, 33438, 33441, 1575, 46880, 68811, 43051, 68814, 68816, 57130, 28756, 33436, 49622, 44567, 44568, 24471, 18870, 43821, 14604, 10794, 13860]"
198,"SOY LUNA MUSICA-Disney Channel Latin America, all shows and broadcast musical TV series","[37237, 37235, 37236, 37232, 37233, 37238, 41716, 60115, 61463, 11384, 70058, 3989, 3991, 70056, 29636, 3987, 3996, 6027, 61465, 3997, 3992, 3999, 6032, 3990, 3993, 20363, 3994, 5143, 3559, 7412, 37235]"
462,"Menu bar with change platform, home, squad builder, consumables, tax calculator, TOTW and about","[26326, 26335, 26333, 26334, 67408, 67409, 42168, 20594, 26771, 43501, 20602, 34181, 62788, 52617, 49397, 66599, 26337, 66603, 11985, 46604, 11462, 26330, 26332, 32400, 15658, 11457, 35283, 10687, 64802, 22487, 26337]"
32,Pop up share area of an online shop,"[62738, 32771, 56761, 14553, 39575, 5883, 9810, 20634, 42733, 31100, 14300, 20632, 56472, 56464, 31101, 9506, 1281, 56407, 31098, 31099, 59450, 1478, 53544, 10281, 14378, 20291, 53540, 42742, 48095, 35613, 26099]"
19,UI for share and add location screen,"[40348, 40346, 39237, 22080, 40349, 67073, 15312, 67072, 41623, 12167, 12162, 39571, 12355, 52054, 66288, 40354, 60551, 68076, 18857, 68095, 49997, 68647, 40359, 43193, 43184, 7653, 8525, 39569, 47363, 68097, 22076]"
221,pay screen for adding money into a paytm account,"[49956, 1102, 1115, 1111, 49209, 44468, 64629, 10278, 38960, 29719, 69650, 44471, 64636, 20807, 69653, 69654, 38781, 22414, 999, 38784, 41679, 46080, 69646, 60560, 31145, 70291, 44120, 69642, 20941, 20951, 1102]"
68,Healthy Food options to add in daily Plan,"[41103, 57637, 57626, 13727, 13722, 27984, 60609, 60611, 60613, 71635, 40847, 62160, 71634, 4365, 60614, 57634, 25639, 63152, 47374, 13726, 5254, 30368, 44461, 2677, 42792, 42793, 68449, 9336, 9335, 66538, 30133]"
141,a screen with information about particular app,"[5674, 6022, 66979, 41333, 29729, 67334, 29727, 3013, 18821, 47400, 7601, 45674, 48852, 38506, 62560, 25035, 10834, 46697, 11152, 30907, 51111, 40525, 57846, 25421, 43988, 32143, 8653, 22111, 61110, 56795, 3951]"
12,Hushed-Login this app......you enter a new world of foods,"[8365, 8346, 8363, 8339, 34390, 56659, 60614, 31693, 53883, 57016, 28001, 20714, 60611, 17024, 60613, 59519, 68765, 34314, 60609, 12036, 31689, 23654, 46223, 38311, 54535, 44062, 58266, 43473, 35072, 5882, 34202]"
375,Using our advanced ovulation calculator online is the most reliable way of knowing your ovulation date,"[16992, 16993, 16989, 16991, 16990, 22879, 1729, 1733, 16982, 16988, 16984, 16983, 1732, 16987, 16986, 61115, 61118, 61983, 44016, 44013, 20602, 20594, 16985, 44014, 69900, 67409, 22892, 65124, 49397, 22891, 16992]"
203,flight preferences San Francisco to New York and search tickets button,"[24379, 17099, 44802, 3040, 28796, 2631, 57686, 28089, 24370, 12644, 12639, 385, 36090, 65909, 63832, 52228, 375, 383, 386, 3042, 3039, 57675, 57679, 43852, 55639, 10386, 40728, 12642, 44406, 44386, 2720]"
430,Period and fertility forecast with cycle length,"[49455, 11639, 11644, 72043, 8101, 24950, 15364, 4517, 16961, 28330, 57145, 60075, 11318, 29716, 69882, 16960, 11636, 865, 44016, 72041, 4521, 29722, 29726, 57138, 11329, 4522, 22896, 15359, 50138, 28308, 15359]"
299,Map for atms,"[35453, 11939, 11933, 13357, 11932, 11935, 66118, 11934, 52816, 11938, 57046, 40438, 7084, 70756, 60544, 24475, 881, 13259, 49502, 2754, 13160, 61043, 48325, 62605, 70772, 49500, 24472, 2757, 230, 70776, 66118]"
321,audio editor with harmony function,"[64836, 22687, 66226, 66227, 66229, 22181, 22182, 13339, 22689, 20586, 53012, 37560, 14191, 22690, 67446, 67449, 31007, 36716, 34381, 45803, 67445, 25497, 37568, 22688, 34375, 63717, 1392, 67289, 22686, 65706, 27752]"
233,menu providing different buttons to change the settings and to get more information,"[67334, 66979, 41333, 6022, 29729, 44478, 1380, 60360, 57092, 40104, 71326, 61980, 51943, 29727, 65638, 50167, 55359, 71334, 9070, 64686, 13555, 42289, 56000, 62510, 23201, 50168, 27618, 65278, 50169, 50170, 68952]"
220,daily sport program,"[1091, 35036, 35028, 35025, 64602, 1013, 1008, 61038, 61726, 1014, 23854, 57472, 1015, 61612, 35540, 57460, 57473, 57461, 61039, 35033, 51475, 30744, 18948, 58906, 577, 63152, 586, 64596, 3526, 57470, 59557]"
65,AN android app,"[40068, 49622, 667, 34329, 26774, 61162, 38354, 61159, 61010, 52193, 11152, 54580, 61871, 70797, 38356, 12956, 67469, 26770, 67998, 68558, 26775, 30147, 13987, 71851, 61053, 56953, 52323, 64150, 45614, 51254, 66756]"
456,zone with different area,"[9295, 52715, 26124, 9638, 12067, 62008, 43375, 12071, 42258, 9296, 20291, 17517, 30612, 10126, 61624, 25511, 25519, 25516, 25509, 25508, 25518, 25514, 17526, 49778, 31101, 48095, 2376, 65638, 47470, 9831, 62008]"
145,cars seller with location button,"[45098, 45100, 27685, 27680, 27682, 27690, 56787, 63601, 10556, 25664, 63599, 12865, 61236, 10550, 15394, 29177, 61167, 63306, 65909, 11258, 24466, 42781, 11853, 8265, 34482, 10549, 32328, 18590, 11694, 33, 30614]"
17,customer complaint service,"[5122, 40885, 42698, 52031, 6942, 22829, 60454, 69330, 41171, 48522, 23501, 3521, 14466, 40239, 6930, 11092, 40237, 40240, 14474, 52028, 49778, 3453, 28822, 40235, 68297, 1378, 32310, 55808, 32307, 11090, 39347]"
194,login screen with email and password or via facebook or google,"[65080, 36857, 38443, 49815, 54590, 10894, 64548, 37945, 22253, 315, 67194, 7293, 41554, 701, 46670, 51279, 48089, 21496, 16241, 24026, 48068, 54867, 1911, 67820, 29606, 14680, 5870, 19323, 19158, 54742, 34164]"
155,option screen with user account,"[19704, 34569, 19707, 67673, 38513, 49336, 49332, 49344, 49338, 49335, 49334, 21880, 49333, 24375, 45394, 31172, 44603, 44605, 46190, 60209, 31145, 68388, 23116, 67771, 37720, 21886, 60140, 31202, 68799, 49605, 59841]"
349,cover page of book with author name,"[40833, 40927, 40924, 24453, 42656, 8219, 40929, 45225, 40933, 6383, 40834, 57123, 52610, 52612, 17390, 6389, 44576, 44581, 71264, 44752, 48162, 38972, 55153, 52518, 27599, 63707, 61349, 69489, 59801, 6818, 49770]"
128,create customized emoji,"[71078, 63011, 45702, 62124, 10693, 283, 68796, 54287, 23208, 70055, 35910, 70066, 3423, 3435, 38633, 38622, 67369, 68781, 4709, 68775, 38630, 38623, 3429, 19442, 45527, 4146, 38627, 18461, 70325, 40336, 283]"
81,online dating,"[60172, 14553, 17289, 24568, 26879, 62458, 42733, 43181, 64058, 29625, 56407, 1281, 50639, 17286, 42742, 35613, 66198, 42751, 24653, 69995, 70005, 52508, 14878, 67180, 58533, 67188, 66463, 560, 69989, 30212, 64832]"
22,stopwatch with timer,"[47256, 47250, 47257, 61610, 11490, 11489, 61613, 18992, 46684, 18991, 17912, 12654, 56799, 47249, 37256, 1007, 63066, 63069, 53233, 59309, 8539, 37257, 37262, 17487, 70080, 58751, 37818, 58742, 8401, 8499, 36635]"
20,my profile in Azar application,"[69399, 69377, 69382, 69394, 69392, 69376, 69387, 51615, 19673, 69401, 69388, 19655, 50317, 19658, 61377, 5983, 19653, 50314, 52509, 5976, 31046, 2667, 62963, 38290, 68456, 8547, 19676, 52510, 26930, 2666, 69388]"
341,"social app with ask me, gender, ask me, chat options","[27112, 59474, 60687, 40095, 55011, 41772, 41773, 46258, 46257, 59469, 57095, 57091, 13174, 19646, 57093, 27127, 58393, 41768, 19028, 46259, 63476, 42120, 10959, 62464, 31005, 62323, 802, 41767, 55010, 26778, 50317]"
423,"saving items with complete , complete this group manually or exit","[36136, 43202, 30405, 45975, 43209, 32270, 32190, 32194, 33303, 43860, 13799, 2071, 69703, 32262, 23762, 25982, 39255, 57429, 2702, 1947, 22112, 13307, 31118, 52112, 32279, 16566, 48972, 49339, 43206, 66679, 43202]"
191,Product listing with main filter,"[4238, 4243, 67583, 69273, 71125, 63630, 63633, 69254, 69267, 32426, 69258, 32422, 69265, 69261, 69278, 69277, 69280, 69257, 40943, 67579, 69274, 69260, 51324, 69275, 65920, 24220, 36142, 36140, 7605, 36144, 28092]"
80,verify entered information before proceeding,"[11293, 69287, 13421, 4638, 71320, 15684, 15697, 54678, 71313, 998, 34405, 61767, 20804, 28117, 32971, 13417, 26707, 66979, 28007, 20288, 6022, 29729, 60630, 9513, 3208, 15685, 28632, 41333, 4236, 15106, 34225]"
404,music instruments with highest reviews,"[44825, 44840, 56736, 33086, 3351, 70547, 3515, 70546, 58956, 57111, 70544, 70539, 58945, 15479, 36218, 70538, 58946, 70533, 48983, 3352, 58954, 65894, 58955, 53793, 36221, 70553, 36222, 3348, 47865, 66742, 36063]"
210,task scheduler app showing task handlers,"[27990, 64345, 57063, 57052, 28357, 57663, 907, 58666, 27987, 12393, 908, 60047, 43886, 6554, 58655, 41704, 58676, 58663, 29444, 12391, 43875, 58657, 58672, 43891, 49895, 27580, 58665, 43211, 32276, 63962, 33943]"
346,search cellular locations,"[61364, 173, 40438, 44453, 43024, 24154, 40444, 40440, 42745, 42728, 50631, 3742, 19134, 24755, 22859, 176, 56702, 50625, 34324, 56947, 23388, 17342, 39489, 20737, 32832, 10745, 51580, 20474, 1037, 25044, 23326]"
412,Scientific Calculator Mobile Application,"[8899, 20602, 20594, 67409, 49397, 46604, 35283, 16992, 8897, 16993, 34181, 34179, 16989, 51615, 13351, 10144, 13613, 61377, 68456, 26930, 16991, 50163, 14230, 47998, 23394, 17349, 19229, 39488, 16617, 24333, 8899]"
207,football match details with upcoming match information,"[30357, 53563, 19836, 39380, 43105, 13890, 24991, 13906, 13896, 13895, 13915, 13898, 13903, 13914, 13900, 13892, 70166, 43102, 57926, 15554, 32706, 57925, 57923, 54755, 52837, 10103, 56802, 28417, 56803, 28422, 10579]"
327,buying boats,"[58090, 58084, 40117, 40109, 32815, 32819, 15036, 62390, 28649, 59102, 40799, 40800, 9293, 5949, 45563, 32816, 32818, 32817, 58123, 63307, 63312, 28274, 17158, 40128, 9294, 29869, 32330, 32320, 34509, 40810, 15039]"
67,"A Social media app with options like chat, mute and Followers","[39314, 28867, 17094, 28868, 64159, 65475, 32813, 56973, 65479, 54068, 17091, 32811, 32810, 32799, 32804, 32808, 33749, 65481, 60313, 65474, 8834, 28831, 4995, 65480, 21900, 65478, 65473, 46806, 39315, 28866, 11396]"
103,timetable with title and place,"[63421, 63423, 63420, 63431, 63417, 63427, 63422, 63425, 26061, 32523, 49645, 30809, 32524, 43558, 32522, 10610, 28150, 28124, 61692, 4848, 63523, 8574, 40686, 63515, 3920, 62872, 61703, 61696, 63519, 18975, 63425]"
55,choose thw word preferences,"[63971, 63973, 29602, 48413, 2266, 2229, 45690, 29598, 35614, 11674, 37849, 29597, 66404, 57064, 16370, 63792, 35480, 50835, 45687, 16366, 16369, 29596, 16357, 32945, 71354, 42088, 37844, 35619, 35887, 16356, 59124]"
156,"Read Qurâ€˜an, Last read history, search specific parts,prayer time,settings","[40161, 40164, 46050, 40166, 46051, 26154, 8909, 20707, 20708, 8903, 46254, 5917, 5919, 17022, 53671, 68763, 556, 56728, 23320, 21856, 36505, 53676, 40171, 25632, 16439, 50873, 8904, 15376, 25637, 46576, 8904]"
292,displays the latest news in page,"[53555, 23219, 20858, 9176, 54133, 71379, 65007, 18565, 68818, 16515, 42736, 79, 68811, 1565, 43051, 68814, 68816, 1570, 36564, 65015, 39585, 60848, 18870, 43821, 67051, 42415, 43824, 51821, 1575, 10545, 79]"
295,news,"[54133, 71379, 68818, 16515, 68811, 1565, 43051, 68814, 68816, 1570, 43821, 18870, 43824, 51821, 1575, 10545, 51825, 42415, 10232, 42416, 16508, 36586, 31069, 68813, 10970, 50834, 67053, 10564, 10580, 79, 64920]"
2,"search bar with links ,articles and personal option","[19704, 19707, 34569, 67673, 49365, 8211, 2783, 49336, 49332, 49344, 49338, 49335, 49334, 21880, 10777, 49333, 24375, 38513, 45394, 49872, 31172, 8213, 8214, 44603, 44605, 46190, 60209, 57264, 68388, 23116, 9370]"
119,music score chart with audio,"[22181, 22182, 48086, 21406, 28036, 21412, 27088, 66226, 66227, 66229, 27089, 62596, 801, 22529, 21402, 27072, 27248, 38416, 38411, 38417, 38420, 38423, 27078, 38412, 59964, 27094, 27235, 67446, 70544, 31085, 2153]"
28,Weather details for city with option in Celsius and Fahrenheit,"[13143, 13139, 9825, 32454, 38374, 68745, 68743, 19286, 33204, 19704, 38916, 49447, 19707, 34569, 67673, 54179, 55633, 24375, 68867, 49336, 49332, 27236, 49344, 49338, 49335, 49334, 21880, 49333, 14293, 14852, 2768]"
123,Tutorial for dog training,"[46851, 1829, 3716, 3712, 5948, 47382, 5941, 5937, 57909, 58017, 58005, 17235, 57146, 48312, 30408, 2727, 33163, 28207, 30403, 5935, 47774, 19697, 47777, 50726, 57149, 51000, 19700, 57148, 50725, 46615, 46851]"
202,Music playlist,"[10940, 5209, 70552, 55481, 70553, 55665, 45113, 58693, 65682, 53826, 53824, 14672, 50232, 50228, 66163, 34334, 494, 52900, 504, 50233, 70548, 58956, 3352, 3351, 58945, 70547, 3348, 70546, 36218, 71958, 44035]"
359,a survery app with sinup and facebook login option,"[19704, 34569, 19707, 67673, 49338, 49335, 49334, 49336, 49332, 21880, 49344, 49333, 24375, 38513, 45394, 15939, 31172, 68388, 22253, 69548, 44605, 44603, 46190, 60209, 43412, 69952, 23116, 67771, 37666, 21886, 9551]"
50,"Delivery details input boxes for address and buttons for home, work or other","[55571, 55575, 33699, 2005, 50090, 59549, 28235, 24688, 50925, 13558, 50930, 13553, 38512, 66923, 9219, 66919, 5869, 50091, 2414, 2423, 66316, 25123, 45119, 29607, 51942, 69550, 69558, 66920, 48845, 45118, 66919]"
240,online shopping app,"[69527, 8170, 55532, 4186, 10423, 19345, 4188, 8052, 14553, 21282, 4183, 42733, 68402, 59831, 38078, 56407, 1281, 7333, 42742, 70137, 50375, 14878, 35613, 42751, 59834, 12673, 53722, 55543, 57654, 7017, 69252]"
23,More options for user,"[27052, 2274, 27046, 27058, 2270, 27055, 45959, 10203, 10217, 52508, 45956, 32998, 16523, 32997, 15880, 6609, 16529, 33544, 33540, 58448, 58447, 18535, 66489, 45962, 27059, 27626, 33537, 44967, 33530, 48355, 65727]"
353,Vippi GUI sign up interface,"[6140, 21042, 38923, 70744, 21040, 40122, 20429, 20515, 20107, 45555, 22352, 58377, 45557, 52855, 20102, 53012, 35995, 45552, 41217, 54850, 39856, 64348, 26268, 24155, 59844, 64349, 8161, 637, 47884, 12826, 38658]"
195,"Text (story) reading with formatting options, search functionality","[34387, 16381, 70305, 24019, 24012, 16378, 54135, 54134, 24016, 24015, 59353, 31349, 24020, 24018, 33407, 41683, 30929, 29988, 30931, 31932, 30927, 33405, 33408, 56632, 16380, 24017, 1814, 5235, 70312, 64400, 27223]"
133,Login with radio button with calendar,"[9559, 59581, 71521, 65193, 33572, 35133, 35129, 35128, 35130, 44316, 47788, 34136, 47780, 47789, 34139, 396, 50055, 61166, 390, 25408, 60445, 51056, 70036, 12409, 43422, 38724, 913, 59018, 57993, 1687, 22878]"
77,Location with location selected as current location,"[28541, 51084, 26020, 28757, 43184, 57777, 57775, 46556, 67073, 49229, 48062, 49233, 69933, 47609, 48309, 52054, 37281, 16120, 11838, 16129, 25717, 61980, 20317, 43193, 51943, 64283, 50167, 50626, 50622, 29737, 56197]"
108,books,"[24714, 22216, 24712, 45340, 25345, 52517, 25347, 25700, 20355, 22204, 9988, 25346, 14601, 45365, 40590, 54973, 49720, 7351, 61351, 20371, 49723, 49721, 40835, 22208, 24711, 16682, 16683, 4475, 5152, 7228, 14877]"
199,login with username and password,"[68460, 46750, 24026, 39480, 40946, 29509, 72145, 5870, 46978, 14085, 14549, 28820, 41260, 43615, 46746, 11634, 43386, 51629, 3254, 47181, 60365, 36303, 54590, 43412, 30031, 67820, 52522, 27869, 51165, 36301, 41866]"
381,Open the application using a password,"[61165, 20545, 51615, 40104, 54677, 51165, 62256, 60077, 3440, 1082, 1083, 26302, 32077, 61377, 66505, 25068, 43386, 9185, 68456, 51629, 53683, 47181, 26930, 20728, 475, 23394, 17349, 29487, 19229, 39488, 12738]"
192,headlines tody,"[15959, 7270, 65391, 39484, 65397, 49577, 7269, 39482, 26931, 51159, 53212, 40963, 23908, 10033, 61561, 58168, 64316, 53208, 64127, 69983, 58346, 26933, 63435, 29800, 57080, 61914, 16846, 44596, 41747, 20472, 25862]"
143,Find friends,"[68947, 68945, 11369, 36134, 14555, 5566, 37533, 60023, 47383, 44125, 20791, 29524, 20793, 20796, 7355, 20795, 2304, 66927, 2302, 20792, 20794, 68941, 33391, 16079, 62460, 47295, 60031, 48858, 38939, 54428, 69561]"
299,Tiny Scanner,"[42571, 58983, 66873, 53766, 6585, 58984, 60292, 64675, 64672, 68683, 33504, 62591, 1764, 6787, 33506, 59411, 68681, 33689, 58985, 21335, 12638, 40016, 42569, 42567, 66344, 63656, 10241, 70688, 33692, 62583, 60292]"
236,search bar with serch list and home menus,"[71424, 25503, 25497, 43035, 9978, 9970, 43032, 22767, 43034, 19113, 21770, 18215, 18224, 726, 43033, 18218, 23265, 71429, 27429, 33458, 18219, 27428, 27430, 33757, 8223, 61168, 22334, 27187, 34705, 52534, 16224]"
172,find your current location,"[57775, 66356, 28541, 20317, 49233, 70543, 57777, 66927, 16129, 49229, 37281, 28770, 16120, 3739, 43248, 32832, 38939, 59490, 4628, 48062, 48309, 4626, 12147, 36305, 39011, 34314, 37283, 39010, 28757, 57853, 42138]"
